Row Labels,Aggressive,Non Aggressive
Aardwolf,15,21
"Admiral, indian red",15,13
Adouri (unidentified),16,24
African black crake,21,17
African buffalo,23,20
African bush squirrel,18,22
African clawless otter,12,8
African darter,15,16
African elephant,17,13
African fish eagle,16,16
African ground squirrel (unidentified),14,13
African jacana,13,15
African lion,18,16
African lynx,22,16
African pied wagtail,14,16
African polecat,18,19
African porcupine,17,12
African red-eyed bulbul,17,18
African skink,19,19
African snake (unidentified),17,21
African wild cat,11,23
African wild dog,15,14
Agama lizard (unidentified),22,13
Agile wallaby,21,22
Agouti,16,19
"Albatross, galapagos",13,11
"Albatross, waved",19,12
"Alligator, american",18,25
"Alligator, mississippi",13,10
Alpaca,16,21
Amazon parrot (unidentified),21,22
American alligator,16,23
American badger,16,17
American beaver,13,10
American bighorn sheep,18,18
American bison,19,18
American black bear,19,18
American buffalo,14,20
American crow,17,17
American marten,10,18
American racer,22,15
American Virginia opossum,13,11
American woodcock,18,17
Anaconda (unidentified),16,23
Andean goose,18,15
Ant (unidentified),22,20
"Anteater, australian spiny",23,14
"Anteater, giant",14,14
"Antechinus, brown",15,15
Antelope ground squirrel,20,19
"Antelope, four-horned",25,25
"Antelope, roan",12,13
"Antelope, sable",19,20
Arboral spiny rat,25,13
Arctic fox,19,18
Arctic ground squirrel,18,19
Arctic hare,22,12
Arctic lemming,15,12
Arctic tern,20,26
Argalis,23,16
"Armadillo, common long-nosed",16,27
"Armadillo, giant",13,15
"Armadillo, nine-banded",14,16
"Armadillo, seven-banded",11,18
Asian elephant,25,16
Asian false vampire bat,18,20
Asian foreset tortoise,16,18
Asian lion,15,15
Asian openbill,13,21
Asian red fox,16,12
Asian water buffalo,21,20
Asian water dragon,17,16
Asiatic jackal,17,13
Asiatic wild ass,22,32
"Ass, asiatic wild",17,17
Australian brush turkey,18,15
Australian magpie,18,16
Australian masked owl,21,18
Australian pelican,15,18
Australian sea lion,14,17
Australian spiny anteater,16,11
"Avocet, pied",20,18
Azara's zorro,21,25
"Baboon, chacma",20,23
"Baboon, gelada",10,9
"Baboon, olive",13,23
"Baboon, savanna",23,15
"Baboon, yellow",16,12
"Badger, american",20,12
"Badger, eurasian",16,15
"Badger, european",15,16
"Badger, honey",18,17
Bahama pintail,13,14
Bald eagle,16,18
Baleen whale,18,16
Banded mongoose,21,16
"Bandicoot, long-nosed",17,10
"Bandicoot, short-nosed",18,11
"Bandicoot, southern brown",18,12
Barasingha deer,17,16
"Barbet, black-collared",23,21
"Barbet, crested",17,19
"Barbet, levaillant's",16,12
Bare-faced go away bird,16,13
Barking gecko,19,20
Barrows goldeneye,17,18
"Bat, asian false vampire",21,17
"Bat, little brown",15,22
"Bat, madagascar fruit",20,17
Bat-eared fox,24,19
Bateleur eagle,20,11
"Bear, american black",13,12
"Bear, black",16,18
"Bear, grizzly",17,22
"Bear, polar",15,18
"Bear, sloth",13,22
"Beaver, american",9,18
"Beaver, eurasian",16,18
"Beaver, european",22,15
"Beaver, north american",16,14
Bee-eater (unidentified),20,12
"Bee-eater, carmine",21,20
"Bee-eater, nubian",20,15
"Bee-eater, white-fronted",18,12
Beisa oryx,12,17
Bengal vulture,15,16
Bennett's wallaby,10,15
Bent-toed gecko,13,23
"Bettong, brush-tailed",18,16
Bird (unidentified),22,19
"Bird, bare-faced go away",13,13
"Bird, black-throated butcher",21,16
"Bird, magnificent frigate",21,18
"Bird, pied butcher",11,14
"Bird, red-billed tropic",10,14
"Bird, secretary",14,22
"Bison, american",13,20
Black and white colobus,21,20
Black bear,18,17
Black curlew,16,6
Black kite,15,14
Black rhinoceros,16,13
Black spider monkey,13,19
Black swan,23,22
Black vulture,16,23
Black-backed jackal,26,13
Black-backed magpie,14,13
"Blackbird, red-winged",22,25
Blackbuck,17,14
Black-capped capuchin,15,20
Black-capped chickadee,19,19
Black-cheeked waxbill,11,12
Black-collared barbet,10,15
Black-crowned crane,21,12
Black-crowned night heron,22,23
Black-eyed bulbul,14,23
Black-faced kangaroo,16,16
Black-footed ferret,15,19
Black-fronted bulbul,13,15
Blackish oystercatcher,17,14
Black-necked stork,18,20
Blacksmith plover,15,25
Black-tailed deer,16,15
Black-tailed prairie dog,26,16
Black-tailed tree creeper,12,21
Black-throated butcher bird,13,15
Black-throated cardinal,18,18
Black-winged stilt,16,12
Bleeding heart monkey,11,21
Blesbok,25,15
"Bleu, blue-breasted cordon",20,12
"Bleu, red-cheeked cordon",11,18
Blue and gold macaw,17,23
Blue and yellow macaw,22,21
Blue catfish,21,13
Blue crane,18,16
Blue duck,17,16
Blue fox,20,14
Blue peacock,10,14
Blue racer,25,12
Blue shark,19,17
Blue waxbill,11,21
Blue wildebeest,16,11
Blue-breasted cordon bleu,21,15
Blue-faced booby,14,26
Blue-footed booby,18,18
Blue-tongued lizard,14,16
Blue-tongued skink,13,18
"Boa, columbian rainbow",22,12
"Boa, cook's tree",20,14
"Boa, emerald green tree",17,22
"Boa, malagasy ground",16,14
"Boa, mexican",17,20
"Boar, wild",23,14
Boat-billed heron,15,13
Bobcat,17,13
Bohor reedbuck,18,15
Bonnet macaque,16,15
Bontebok,20,17
"Booby, blue-faced",19,22
"Booby, blue-footed",15,14
"Booby, masked",12,14
Bottle-nose dolphin,7,24
"Boubou, southern",14,15
Brazilian otter,20,17
Brazilian tapir,22,17
Brindled gnu,21,22
"Brocket, brown",15,11
"Brocket, red",27,12
Brolga crane,21,16
Brown and yellow marshbird,18,14
Brown antechinus,10,15
Brown brocket,17,18
Brown capuchin,13,14
Brown hyena,17,20
Brown lemur,22,16
Brown pelican,19,20
Brush-tailed bettong,15,12
Brush-tailed phascogale,14,21
Brush-tailed rat kangaroo,15,15
"Buffalo, african",12,18
"Buffalo, american",18,22
"Buffalo, asian water",12,14
"Buffalo, wild water",14,16
"Bulbul, african red-eyed",18,24
"Bulbul, black-eyed",21,18
"Bulbul, black-fronted",14,25
"Bunting, crested",18,18
Burchell's gonolek,16,17
Burmese black mountain tortoise,12,17
Burmese brown mountain tortoise,16,18
Burrowing owl,11,20
Bush dog,15,16
"Bushbaby, large-eared",13,22
Bushbuck,16,14
Bushpig,12,18
"Bustard, denham's",16,14
"Bustard, kori",12,22
"Bustard, stanley",12,19
Butterfly (unidentified),17,13
"Butterfly, canadian tiger swallowtail",16,15
"Butterfly, tropical buckeye",23,22
Buttermilk snake,10,16
"Caiman, spectacled",15,22
California sea lion,8,21
"Camel, dromedary",19,17
Campo flicker,18,17
Canada goose,13,11
Canadian river otter,10,15
Canadian tiger swallowtail butterfly,16,13
Cape Barren goose,20,16
Cape clawless otter,17,17
Cape cobra,15,14
Cape fox,13,21
Cape raven,9,13
Cape starling,21,26
Cape white-eye,11,19
Cape wild cat,18,15
"Capuchin, black-capped",15,16
"Capuchin, brown",14,21
"Capuchin, weeper",13,16
"Capuchin, white-fronted",15,18
Capybara,15,15
Caracal,18,19
Caracara (unidentified),24,17
"Caracara, yellow-headed",28,18
"Cardinal, black-throated",24,17
"Cardinal, red-capped",8,13
Caribou,16,16
Carmine bee-eater,14,16
Carpet python,19,7
Carpet snake,20,13
"Cat, african wild",11,11
"Cat, cape wild",21,15
"Cat, civet",22,14
"Cat, european wild",24,19
"Cat, jungle",17,20
"Cat, kaffir",16,17
"Cat, long-tailed spotted",18,17
"Cat, miner's",18,17
"Cat, native",17,18
"Cat, ringtail",16,11
"Cat, tiger",14,15
"Cat, toddy",17,16
"Catfish, blue",21,14
Cattle egret,33,17
Cereopsis goose,13,11
Chacma baboon,11,26
Chameleon (unidentified),15,19
Cheetah,19,16
Chestnut weaver,12,8
"Chickadee, black-capped",25,26
Chilean flamingo,22,24
Chimpanzee,24,22
"Chipmunk, least",15,14
Chital,17,15
Chuckwalla,24,16
Civet (unidentified),15,13
Civet cat,19,12
"Civet, common palm",18,18
"Civet, small-toothed palm",19,16
Clark's nutcracker,11,13
"Cliffchat, mocking",13,23
"Coatimundi, ring-tailed",19,15
"Coatimundi, white-nosed",7,16
Cobra (unidentified),13,18
"Cobra, cape",15,11
"Cobra, egyptian",19,17
"Cockatoo, long-billed",14,16
"Cockatoo, red-breasted",18,15
"Cockatoo, red-tailed",19,17
"Cockatoo, roseate",15,21
"Cockatoo, slender-billed",13,14
"Cockatoo, sulfur-crested",16,17
Coke's hartebeest,19,14
Collared lemming,23,22
Collared lizard,9,16
Collared peccary,21,19
"Colobus, black and white",15,11
"Colobus, magistrate black",22,19
"Colobus, white-mantled",18,16
Columbian rainbow boa,22,17
Comb duck,24,14
Common boubou shrike,16,11
Common brushtail possum,9,12
Common dolphin,12,18
Common duiker,14,12
Common eland,14,13
Common genet,20,16
Common goldeneye,8,9
Common green iguana,21,15
Common grenadier,13,24
Common langur,18,16
Common long-nosed armadillo,23,17
Common melba finch,16,12
Common mynah,17,11
Common nighthawk,19,15
Common palm civet,20,11
Common pheasant,17,9
Common raccoon,15,13
Common rhea,16,23
Common ringtail,17,16
Common seal,20,26
Common shelduck,13,21
Common turkey,22,18
Common wallaroo,17,11
Common waterbuck,10,17
Common wolf,22,9
Common wombat,20,15
Common zebra,18,17
Common zorro,22,23
"Constrictor, eastern boa",15,12
Cook's tree boa,19,7
"Coot, red-knobbed",14,14
Coqui francolin,14,18
Coqui partridge,18,11
"Corella, long-billed",14,13
Cormorant (unidentified),17,18
"Cormorant, flightless",17,16
"Cormorant, great",18,15
"Cormorant, javanese",16,20
"Cormorant, king",17,18
"Cormorant, large",20,19
"Cormorant, little",16,6
"Cormorant, neotropic",13,12
"Cormorant, pied",16,22
Cottonmouth,17,15
Cougar,24,18
"Cow, scottish highland",18,10
Coyote,15,14
Crab (unidentified),23,21
"Crab, red lava",17,7
"Crab, sally lightfoot",16,7
Crab-eating fox,15,13
Crab-eating raccoon,14,16
"Crake, african black",17,17
"Crane, black-crowned",11,18
"Crane, blue",30,24
"Crane, brolga",17,25
"Crane, sandhill",17,18
"Crane, sarus",14,14
"Crane, stanley",10,15
"Crane, wattled",15,15
"Creeper, black-tailed tree",14,15
Crested barbet,12,23
Crested bunting,13,10
Crested porcupine,16,15
Crested screamer,12,17
Crimson-breasted shrike,18,11
"Crocodile, nile",11,20
"Crow, american",17,14
"Crow, house",17,8
"Crow, pied",21,21
Crown of thorns starfish,10,10
Crowned eagle,14,17
Crowned hawk-eagle,22,21
Cuis,18,14
"Curlew, black",12,13
Currasow (unidentified),17,15
Curve-billed thrasher,17,19
Dabchick,9,19
Dama wallaby,16,17
Dark-winged trumpeter,21,16
"Darter, african",13,13
Darwin ground finch (unidentified),16,12
Dassie,21,22
"Deer, barasingha",21,33
"Deer, black-tailed",24,15
"Deer, mule",15,14
"Deer, red",14,17
"Deer, roe",21,19
"Deer, savannah",12,16
"Deer, spotted",19,16
"Deer, swamp",12,22
"Deer, white-tailed",16,16
Defassa waterbuck,16,16
Denham's bustard,16,18
Desert kangaroo rat,14,22
Desert spiny lizard,12,11
Desert tortoise,20,22
"Devil, tasmanian",15,15
"Dik, kirk's dik",12,14
Dingo,18,10
"Dog, african wild",18,15
"Dog, black-tailed prairie",11,16
"Dog, bush",19,20
"Dog, raccoon",16,16
"Dolphin, bottle-nose",12,19
"Dolphin, common",17,14
"Dolphin, striped",19,17
"Dove, emerald-spotted wood",15,26
"Dove, galapagos",16,18
"Dove, laughing",18,18
"Dove, little brown",14,15
"Dove, mourning collared",18,13
"Dove, ring",25,22
"Dove, rock",21,19
"Dove, white-winged",24,13
Downy woodpecker,13,13
"Dragon, asian water",24,16
"Dragon, frilled",18,16
"Dragon, komodo",14,12
"Dragon, netted rock",23,13
"Dragon, ornate rock",19,14
"Dragon, western bearded",12,21
"Dragonfly, russian",16,16
Dromedary camel,18,18
"Drongo, fork-tailed",19,14
"Duck, blue",5,13
"Duck, comb",17,18
"Duck, mountain",13,23
"Duck, white-faced whistling",17,18
"Duiker, common",13,18
"Duiker, gray",14,18
"Dunnart, fat-tailed",8,15
Dusky gull,19,17
Dusky rattlesnake,19,16
Eagle owl (unidentified),13,17
"Eagle, african fish",18,17
"Eagle, bald",27,22
"Eagle, bateleur",21,27
"Eagle, crowned",11,16
"Eagle, golden",21,19
"Eagle, long-crested hawk",17,13
"Eagle, pallas's fish",17,19
"Eagle, tawny",21,13
"Eagle, white-bellied sea",11,14
Eastern boa constrictor,20,20
Eastern box turtle,21,17
Eastern cottontail rabbit,14,17
Eastern diamondback rattlesnake,14,17
Eastern dwarf mongoose,7,16
Eastern fox squirrel,18,15
Eastern grey kangaroo,21,17
Eastern indigo snake,8,14
Eastern quoll,16,13
Eastern white pelican,21,18
"Echidna, short-beaked",15,21
"Egret, cattle",14,13
"Egret, great",14,11
"Egret, snowy",18,12
Egyptian cobra,19,17
Egyptian goose,10,17
Egyptian viper,15,19
Egyptian vulture,20,14
"Eland, common",18,15
Elegant crested tinamou,20,10
"Elephant, african",16,23
"Elephant, asian",17,17
Eleven-banded armadillo (unidentified),23,18
"Elk, Wapiti",11,20
Emerald green tree boa,15,15
Emerald-spotted wood dove,13,19
Emu,12,15
Eurasian badger,15,9
Eurasian beaver,14,20
Eurasian hoopoe,17,7
Eurasian red squirrel,9,13
Euro wallaby,17,15
European badger,15,13
European beaver,17,15
European red squirrel,19,12
European shelduck,16,15
European spoonbill,16,14
European stork,19,10
European wild cat,8,16
Fairy penguin,15,15
"Falcon, peregrine",15,18
"Falcon, prairie",20,20
Fat-tailed dunnart,14,15
Feathertail glider,13,17
Feral rock pigeon,23,15
"Ferret, black-footed",16,20
Ferruginous hawk,10,20
Field flicker,17,15
"Finch, common melba",20,19
Fisher,25,9
"Flamingo, chilean",14,21
"Flamingo, greater",17,26
"Flamingo, lesser",16,17
"Flamingo, roseat",18,16
"Flicker, campo",24,16
"Flicker, field",19,7
Flightless cormorant,17,22
"Flycatcher, tyrant",15,16
Flying fox (unidentified),19,18
Fork-tailed drongo,17,18
Four-horned antelope,21,23
Four-spotted skimmer,20,14
Four-striped grass mouse,19,21
"Fowl, helmeted guinea",17,19
"Fox, arctic",18,16
"Fox, asian red",19,18
"Fox, bat-eared",19,15
"Fox, blue",20,16
"Fox, cape",5,18
"Fox, crab-eating",11,19
"Fox, grey",16,17
"Fox, north american red",12,20
"Fox, pampa gray",20,23
"Fox, savanna",25,20
"Fox, silver-backed",14,19
"Francolin, coqui",14,17
"Francolin, swainson's",17,19
Frilled dragon,17,16
Frilled lizard,17,15
Fringe-eared oryx,17,20
Frog (unidentified),10,16
"Frogmouth, tawny",26,18
Galah,14,17
Galapagos albatross,16,17
Galapagos dove,21,14
Galapagos hawk,14,14
Galapagos mockingbird,23,20
Galapagos penguin,17,15
Galapagos sea lion,12,13
Galapagos tortoise,17,25
Gambel's quail,17,15
Gaur,17,22
"Gazelle, grant's",21,12
"Gazelle, thomson's",15,21
"Gazer, sun",14,14
Gecko (unidentified),18,14
"Gecko, barking",19,23
"Gecko, bent-toed",20,13
"Gecko, ring-tailed",14,17
"Gecko, tokay",15,23
Gelada baboon,13,24
Gemsbok,20,18
"Genet, common",14,17
"Genet, small-spotted",12,19
Genoveva,18,14
Gerbil (unidentified),15,18
Gerenuk,16,8
Giant anteater,9,18
Giant armadillo,12,20
Giant girdled lizard,23,16
Giant heron,18,18
Giant otter,19,12
Gila monster,19,18
Giraffe,13,23
"Glider, feathertail",15,17
"Glider, squirrel",25,15
"Glider, sugar",22,21
Glossy ibis,17,10
Glossy starling (unidentified),19,24
"Gnu, brindled",18,29
Goanna lizard,19,14
"Goat, mountain",16,18
"Godwit, hudsonian",22,18
Golden brush-tailed possum,18,15
Golden eagle,17,10
Golden jackal,16,11
"Goldeneye, barrows",15,14
"Goldeneye, common",18,17
Golden-mantled ground squirrel,17,15
Goliath heron,19,18
"Gonolek, burchell's",27,18
"Goose, andean",20,25
"Goose, canada",20,18
"Goose, cape barren",17,16
"Goose, cereopsis",21,18
"Goose, egyptian",13,17
"Goose, greylag",15,16
"Goose, knob-nosed",15,16
"Goose, snow",16,19
"Goose, spur-winged",15,17
"Gorilla, western lowland",13,14
Grant's gazelle,12,16
Gray duiker,25,24
Gray heron,20,20
Gray langur,12,18
Gray rhea,14,17
Great cormorant,16,15
Great egret,21,18
Great horned owl,21,17
Great kiskadee,13,24
Great skua,15,15
Great white pelican,22,17
Greater adjutant stork,14,15
Greater blue-eared starling,17,12
Greater flamingo,13,11
Greater kudu,7,12
Greater rhea,14,21
Greater roadrunner,17,22
Greater sage grouse,9,10
"Grebe, little",13,25
Green heron,20,12
Green vine snake,13,15
Green-backed heron,17,19
Green-winged macaw,14,22
Green-winged trumpeter,14,14
"Grenadier, common",20,12
"Grenadier, purple",15,14
Grey fox,20,12
Grey heron,19,14
Grey lourie,13,19
Grey mouse lemur,17,9
Grey phalarope,13,8
Grey-footed squirrel,17,23
Greylag goose,19,14
Griffon vulture,20,15
Grison,19,23
Grizzly bear,22,12
Ground legaan,11,17
Ground monitor (unidentified),19,14
Groundhog,23,13
"Grouse, greater sage",18,17
"Grouse, sage",17,18
Guanaco,15,23
Guerza,15,12
"Gull, dusky",18,20
"Gull, herring",9,17
"Gull, kelp",14,20
"Gull, lava",14,10
"Gull, pacific",12,20
"Gull, silver",14,17
"Gull, southern black-backed",19,21
"Gull, swallow-tail",13,25
Gulls (unidentified),15,21
Hanuman langur,21,14
Harbor seal,23,11
"Hare, arctic",15,19
"Hartebeest, coke's",16,13
"Hartebeest, red",12,16
"Hawk, ferruginous",14,15
"Hawk, galapagos",21,20
"Hawk, red-tailed",20,16
"Hawk-eagle, crowned",19,13
Hawk-headed parrot,15,22
"Hedgehog, south african",19,16
Helmeted guinea fowl,18,19
"Hen, sage",16,13
"Heron, black-crowned night",16,21
"Heron, boat-billed",16,19
"Heron, giant",15,10
"Heron, goliath",11,17
"Heron, gray",11,21
"Heron, green",11,14
"Heron, green-backed",12,20
"Heron, grey",11,20
"Heron, little",15,23
"Heron, striated",16,19
"Heron, yellow-crowned night",15,21
Herring gull,12,21
Hippopotamus,15,14
Hoary marmot,16,15
Hoffman's sloth,12,9
Honey badger,19,15
"Hoopoe, eurasian",14,12
"Hornbill, leadbeateri's ground",12,24
"Hornbill, red-billed",18,17
"Hornbill, southern ground",14,14
"Hornbill, yellow-billed",10,13
Horned lark,26,10
Horned puffin,18,19
Horned rattlesnake,12,17
Hottentot teal,13,15
House crow,17,14
House sparrow,21,24
Hudsonian godwit,20,18
Hummingbird (unidentified),19,15
Huron,16,14
"Hyena, brown",9,22
"Hyena, spotted",17,18
"Hyena, striped",21,8
Hyrax,15,15
Ibex,20,15
"Ibis, glossy",9,19
"Ibis, puna",14,9
"Ibis, sacred",15,15
"Iguana, common green",18,19
"Iguana, land",18,20
"Iguana, marine",22,24
Impala,19,14
Indian giant squirrel,19,14
Indian jackal,18,13
Indian leopard,14,15
Indian mynah,17,18
Indian peacock,19,16
Indian porcupine,10,10
Indian red admiral,20,12
Indian star tortoise,22,23
Indian tree pie,16,14
"Insect, stick",12,16
Jabiru stork,10,10
"Jacana, african",27,24
"Jackal, asiatic",27,22
"Jackal, black-backed",18,15
"Jackal, golden",17,16
"Jackal, indian",9,12
"Jackal, silver-backed",24,17
"Jackrabbit, white-tailed",22,20
"Jaeger, long-tailed",16,15
Jaguar,17,12
Jaguarundi,21,23
Japanese macaque,16,17
Javan gold-spotted mongoose,14,14
Javanese cormorant,11,15
Jungle cat,18,7
Jungle kangaroo,14,18
Kaffir cat,19,20
Kafue flats lechwe,25,18
Kalahari scrub robin,19,16
"Kangaroo, black-faced",19,15
"Kangaroo, brush-tailed rat",13,16
"Kangaroo, eastern grey",23,15
"Kangaroo, jungle",22,21
"Kangaroo, red",11,15
"Kangaroo, western grey",15,13
Kelp gull,15,20
Killer whale,14,20
King cormorant,16,17
King vulture,22,16
"Kingfisher, malachite",18,18
"Kingfisher, pied",14,18
"Kingfisher, white-throated",15,17
Kinkajou,13,23
Kirk's dik dik,23,10
"Kiskadee, great",19,20
"Kite, black",19,16
Klipspringer,10,10
Knob-nosed goose,27,13
Koala,20,10
Komodo dragon,26,12
Kongoni,15,20
"Kookaburra, laughing",14,22
Kori bustard,15,20
"Kudu, greater",17,15
Land iguana,16,23
"Langur, common",18,20
"Langur, gray",19,19
"Langur, hanuman",14,15
Lappet-faced vulture,11,14
Lapwing (unidentified),31,12
"Lapwing, southern",12,8
Large cormorant,18,17
Large-eared bushbaby,11,17
"Lark, horned",16,15
Laughing dove,21,12
Laughing kookaburra,21,15
Lava gull,18,13
Leadbeateri's ground hornbill,12,17
Least chipmunk,19,17
"Lechwe, kafue flats",18,17
"Legaan, ground",16,20
"Legaan, Monitor (unidentified)",15,16
"Legaan, water",19,19
"Lemming, arctic",22,20
"Lemming, collared",14,22
"Lemur, brown",20,20
"Lemur, grey mouse",14,9
"Lemur, lesser mouse",14,28
"Lemur, ring-tailed",24,20
"Lemur, sportive",11,12
Leopard,16,23
"Leopard, indian",12,16
Lesser double-collared sunbird,12,20
Lesser flamingo,15,21
Lesser masked weaver,18,15
Lesser mouse lemur,22,14
Levaillant's barbet,20,11
Lilac-breasted roller,17,15
Lily trotter,13,10
"Lion, african",16,17
"Lion, asian",15,19
"Lion, australian sea",17,17
"Lion, california sea",16,16
"Lion, galapagos sea",28,12
"Lion, mountain",14,13
"Lion, south american sea",14,17
"Lion, southern sea",16,19
"Lion, steller sea",15,20
"Lion, steller's sea",16,20
Little blue penguin,15,16
Little brown bat,16,15
Little brown dove,23,21
Little cormorant,20,21
Little grebe,17,15
Little heron,22,17
Lizard (unidentified),11,21
"Lizard, blue-tongued",17,20
"Lizard, collared",10,15
"Lizard, desert spiny",19,17
"Lizard, frilled",16,11
"Lizard, giant girdled",23,24
"Lizard, goanna",13,13
"Lizard, mexican beaded",20,18
Llama,12,16
Long-billed cockatoo,12,17
Long-billed corella,15,23
Long-crested hawk eagle,22,18
Long-finned pilot whale,15,8
Long-necked turtle,12,14
Long-nosed bandicoot,27,24
Long-tailed jaeger,15,18
Long-tailed skua,11,12
Long-tailed spotted cat,14,21
"Lorikeet, scaly-breasted",13,20
"Loris, slender",17,14
"Lory, rainbow",19,29
"Lourie, grey",16,14
"Lynx, african",15,18
"Macaque, bonnet",16,24
"Macaque, japanese",18,13
"Macaque, pig-tailed",18,11
"Macaque, rhesus",8,15
"Macaw, blue and gold",11,15
"Macaw, blue and yellow",18,18
"Macaw, green-winged",15,19
"Macaw, red and blue",15,13
"Macaw, scarlet",20,12
Madagascar fruit bat,16,20
Madagascar hawk owl,17,16
Magellanic penguin,12,16
Magistrate black colobus,17,22
Magnificent frigate bird,17,14
"Magpie, australian",12,17
"Magpie, black-backed",17,15
Malabar squirrel,16,12
Malachite kingfisher,13,19
Malagasy ground boa,19,10
Malay squirrel (unidentified),16,19
Mallard,11,18
Malleefowl,14,14
Manatee,20,18
Mandras tree shrew,18,24
Mara,10,13
Marabou stork,15,15
Margay,16,20
Marine iguana,23,14
"Marmot, hoary",11,18
"Marmot, yellow-bellied",16,17
"Marshbird, brown and yellow",15,16
"Marten, american",17,18
Masked booby,18,14
Meerkat,21,11
"Meerkat, red",24,18
Mexican beaded lizard,17,13
Mexican boa,20,18
Mexican wolf,11,15
Miner's cat,20,11
Mississippi alligator,22,11
"Moccasin, water",13,18
Mocking cliffchat,19,14
"Mockingbird, galapagos",18,19
"Mongoose, banded",14,17
"Mongoose, eastern dwarf",21,14
"Mongoose, javan gold-spotted",19,25
"Mongoose, small indian",11,16
"Mongoose, yellow",19,19
Monitor lizard (unidentified),18,20
"Monitor, two-banded",15,22
"Monitor, water",13,16
"Monitor, white-throated",18,12
"Monkey, black spider",17,19
"Monkey, bleeding heart",16,16
"Monkey, red howler",18,16
"Monkey, rhesus",15,11
"Monkey, vervet",19,14
"Monster, gila",18,21
"Moorhen, purple",20,18
Moose,20,23
Mouflon,17,19
Mountain duck,17,11
Mountain goat,16,19
Mountain lion,14,17
Mourning collared dove,15,13
"Mouse, four-striped grass",9,26
Mudskipper (unidentified),15,20
Mule deer,19,13
Musk ox,15,21
"Mynah, common",20,15
"Mynah, indian",13,25
Native cat,19,16
Nelson ground squirrel,13,13
Neotropic cormorant,21,16
Netted rock dragon,14,23
"Nighthawk, common",19,16
Nile crocodile,15,16
Nilgai,8,9
Nine-banded armadillo,19,17
North American beaver,15,21
North American porcupine,16,21
North American red fox,11,24
North American river otter,16,18
Northern elephant seal,18,20
Northern fur seal,21,14
Northern phalarope,16,18
Nubian bee-eater,15,24
Numbat,19,23
"Nutcracker, clark's",15,14
"Nuthatch, red-breasted",12,15
Nyala,12,15
Ocelot,9,15
Old world fruit bat (unidentified),19,17
Olive baboon,17,22
Onager,14,15
Openbill stork,19,22
"Openbill, asian",16,24
"Opossum, american virginia",15,22
Orca,15,20
Oribi,16,19
Oriental short-clawed otter,17,25
Oriental white-backed vulture,11,23
Ornate rock dragon,22,13
"Oryx, beisa",17,13
"Oryx, fringe-eared",15,22
Osprey,22,16
Ostrich,8,18
"Otter, african clawless",13,25
"Otter, brazilian",14,16
"Otter, canadian river",13,15
"Otter, cape clawless",17,14
"Otter, giant",17,14
"Otter, north american river",20,16
"Otter, oriental short-clawed",10,18
"Otter, small-clawed",7,19
Ovenbird,16,17
"Owl, australian masked",16,19
"Owl, burrowing",14,27
"Owl, great horned",14,20
"Owl, madagascar hawk",17,8
"Owl, snowy",11,14
"Owl, white-browed",19,20
"Ox, musk",18,16
"Oystercatcher, blackish",14,13
Paca,13,18
Pacific gull,14,14
Paddy heron (unidentified),18,16
"Pademelon, red-legged",13,23
Painted stork,29,15
Pale white-eye,20,19
Pale-throated three-toed sloth,17,18
Pallas's fish eagle,16,18
Palm squirrel,11,20
Pampa gray fox,12,12
Paradoxure,9,22
"Parakeet, rose-ringed",18,10
"Parrot, hawk-headed",14,23
"Partridge, coqui",17,15
"Peacock, blue",18,12
"Peacock, indian",20,13
"Peccary, collared",16,26
"Peccary, white-lipped",21,13
"Pelican, australian",18,10
"Pelican, brown",17,18
"Pelican, eastern white",22,22
"Pelican, great white",17,17
"Penguin, fairy",9,17
"Penguin, galapagos",12,10
"Penguin, little blue",14,18
"Penguin, magellanic",14,21
Peregrine falcon,18,12
"Phalarope, grey",12,17
"Phalarope, northern",13,16
"Phalarope, red",17,14
"Phalarope, red-necked",15,17
"Phascogale, brush-tailed",17,23
"Phascogale, red-tailed",20,18
"Pheasant, common",21,15
"Pheasant, ring-necked",17,15
"Pie, indian tree",9,15
"Pie, rufous tree",21,24
Pied avocet,22,14
Pied butcher bird,27,13
Pied cormorant,18,20
Pied crow,24,15
Pied kingfisher,22,16
"Pigeon, feral rock",15,23
"Pigeon, wood",18,15
Pig-tailed macaque,16,16
Pine siskin,16,16
Pine snake (unidentified),19,22
Pine squirrel,12,16
"Pintail, bahama",15,18
"Pintail, white-cheeked",17,14
Plains zebra,18,20
Platypus,18,17
"Plover, blacksmith",12,12
"Plover, three-banded",24,22
Pocket gopher (unidentified),8,15
Polar bear,18,11
"Polecat, african",10,17
"Porcupine, african",17,7
"Porcupine, crested",18,20
"Porcupine, indian",13,16
"Porcupine, north american",15,14
"Porcupine, prehensile-tailed",13,14
"Porcupine, tree",21,21
"Possum, common brushtail",22,22
"Possum, golden brush-tailed",15,12
"Possum, pygmy",18,18
"Possum, ring-tailed",18,13
"Possum, western pygmy",15,13
Potoroo,16,6
Prairie falcon,12,7
Praying mantis (unidentified),13,22
Prehensile-tailed porcupine,15,14
Pronghorn,17,14
"Puffin, horned",16,15
Puku,18,18
Puma,19,18
"Puma, south american",19,15
Puna ibis,19,11
Purple grenadier,14,15
Purple moorhen,18,16
Pygmy possum,10,9
Python (unidentified),18,19
"Python, carpet",10,17
"Quail, gambel's",15,21
"Quoll, eastern",22,13
"Quoll, spotted-tailed",17,13
"Rabbit, eastern cottontail",19,15
Raccoon dog,11,15
"Raccoon, common",13,15
"Raccoon, crab-eating",18,27
Racer snake,21,23
"Racer, american",19,15
"Racer, blue",20,18
Radiated tortoise,15,25
Rainbow lory,23,14
"Rat, arboral spiny",16,21
"Rat, desert kangaroo",15,15
"Rat, white-faced tree",18,12
"Rattlesnake, dusky",12,7
"Rattlesnake, eastern diamondback",23,15
"Rattlesnake, horned",18,13
"Raven, cape",21,17
"Raven, white-necked",14,20
Red and blue macaw,17,18
Red brocket,16,18
Red deer,18,21
Red hartebeest,18,14
Red howler monkey,12,12
Red kangaroo,20,12
Red lava crab,16,14
Red meerkat,17,24
Red phalarope,14,21
Red sheep,17,19
Red squirrel,11,25
Red-billed buffalo weaver,24,18
Red-billed hornbill,12,17
Red-billed toucan,14,8
Red-billed tropic bird,12,12
Red-breasted cockatoo,15,23
Red-breasted nuthatch,16,13
Red-capped cardinal,18,16
Red-cheeked cordon bleu,14,19
Red-headed woodpecker,13,14
Red-knobbed coot,11,19
Red-legged pademelon,21,15
Red-necked phalarope,14,11
Red-necked wallaby,19,15
Red-shouldered glossy starling,17,21
Red-tailed cockatoo,20,22
Red-tailed hawk,19,15
Red-tailed phascogale,22,19
Red-tailed wambenger,21,17
Red-winged blackbird,13,15
Red-winged hawk (unidentified),22,11
"Reedbuck, bohor",18,16
Reindeer,13,12
"Rhea, common",8,15
"Rhea, gray",21,14
"Rhea, greater",20,11
Rhesus macaque,15,18
Rhesus monkey,15,15
"Rhinoceros, black",20,22
"Rhinoceros, square-lipped",22,14
"Rhinoceros, white",16,21
Richardson's ground squirrel,15,15
Ring dove,16,21
Ring-necked pheasant,15,14
Ringtail,14,15
Ringtail cat,17,13
"Ringtail, common",22,19
Ring-tailed coatimundi,13,18
Ring-tailed gecko,14,18
Ring-tailed lemur,20,16
Ring-tailed possum,19,12
River wallaby,15,22
"Roadrunner, greater",20,13
Roan antelope,17,17
"Robin, kalahari scrub",13,14
"Robin, white-throated",12,22
Rock dove,14,18
Roe deer,16,17
"Roller, lilac-breasted",13,13
Roseat flamingo,11,11
Roseate cockatoo,16,21
Rose-ringed parakeet,16,25
Royal tern,11,18
Rufous tree pie,15,11
Rufous-collared sparrow,12,17
Russian dragonfly,21,19
Sable antelope,9,22
Sacred ibis,16,18
Saddle-billed stork,24,15
Sage grouse,20,16
Sage hen,15,15
Sally lightfoot crab,16,16
Salmon pink bird eater tarantula,14,19
"Salmon, sockeye",19,15
Sambar,16,14
"Sandgrouse, yellow-throated",14,14
Sandhill crane,25,10
"Sandpiper, spotted wood",9,12
Sarus crane,23,7
Savanna baboon,23,17
Savanna fox,12,10
Savannah deer,16,25
Savannah deer (unidentified),15,17
Scaly-breasted lorikeet,22,23
Scarlet macaw,20,16
Scottish highland cow,13,21
"Screamer, crested",15,10
"Screamer, southern",14,11
Sea birds (unidentified),18,12
"Seal, common",24,20
"Seal, harbor",21,12
"Seal, northern elephant",17,20
"Seal, northern fur",12,12
"Seal, southern elephant",17,15
Secretary bird,20,22
Serval,11,17
Seven-banded armadillo,10,13
"Shark, blue",9,16
"Sheathbill, snowy",18,18
"Sheep, american bighorn",16,16
"Sheep, red",13,16
"Sheep, stone",13,13
"Shelduck, common",18,12
"Shelduck, european",24,21
Short-beaked echidna,12,16
Short-nosed bandicoot,21,13
"Shrew, mandras tree",17,23
"Shrike, common boubou",26,19
"Shrike, crimson-breasted",20,17
"Shrike, southern white-crowned",16,11
Sidewinder,16,13
"Sifaka, verreaux's",13,18
Silver gull,19,23
Silver-backed fox,12,20
Silver-backed jackal,10,15
"Siskin, pine",15,14
"Siskin, yellow-rumped",15,10
"Skimmer, four-spotted",20,25
"Skink, african",13,19
"Skink, blue-tongued",15,22
"Skua, great",24,25
"Skua, long-tailed",12,18
"Skunk, striped",22,11
"Skunk, western spotted",12,22
Slender loris,15,14
Slender-billed cockatoo,17,16
Sloth bear,14,22
"Sloth, hoffman's",13,11
"Sloth, pale-throated three-toed",20,23
"Sloth, two-toed",16,18
"Sloth, two-toed tree",25,15
Small Indian mongoose,20,19
Small-clawed otter,19,19
Small-spotted genet,11,18
Small-toothed palm civet,15,14
Smith's bush squirrel,14,15
Snake (unidentified),21,10
"Snake, buttermilk",13,20
"Snake, carpet",16,23
"Snake, eastern indigo",12,12
"Snake, green vine",13,14
"Snake, racer",10,16
"Snake, tiger",9,11
"Snake, western patch-nosed",14,14
Snake-necked turtle,18,15
Snow goose,29,12
Snowy egret,13,16
Snowy owl,22,21
Snowy sheathbill,16,18
Sociable weaver,15,9
Sockeye salmon,15,13
South African hedgehog,25,13
South American meadowlark (unidentified),15,15
South American puma,12,18
South American sea lion,17,19
Southern black-backed gull,14,17
Southern boubou,13,15
Southern brown bandicoot,19,13
Southern elephant seal,19,18
Southern ground hornbill,20,15
Southern hairy-nosed wombat,12,15
Southern lapwing,19,11
Southern right whale,16,17
Southern screamer,18,23
Southern sea lion,12,23
Southern tamandua,16,15
Southern white-crowned shrike,18,15
"Sparrow, house",19,16
"Sparrow, rufous-collared",16,16
Spectacled caiman,15,21
"Spider, wolf",26,9
"Spoonbill, european",15,13
"Spoonbill, white",14,14
Sportive lemur,17,16
Spotted deer,17,17
Spotted hyena,18,16
Spotted wood sandpiper,16,21
Spotted-tailed quoll,19,15
Springbok,15,19
Springbuck,21,17
Springhare,16,18
"Spurfowl, yellow-necked",19,20
Spur-winged goose,15,9
Square-lipped rhinoceros,17,15
Squirrel glider,18,18
"Squirrel, african bush",18,23
"Squirrel, antelope ground",19,17
"Squirrel, arctic ground",14,19
"Squirrel, eastern fox",14,19
"Squirrel, eurasian red",21,20
"Squirrel, european red",18,18
"Squirrel, golden-mantled ground",15,14
"Squirrel, grey-footed",22,21
"Squirrel, indian giant",20,20
"Squirrel, malabar",17,10
"Squirrel, nelson ground",21,15
"Squirrel, palm",10,14
"Squirrel, pine",23,15
"Squirrel, red",16,15
"Squirrel, richardson's ground",16,20
"Squirrel, smith's bush",11,19
"Squirrel, thirteen-lined",14,17
"Squirrel, uinta ground",9,23
Stanley bustard,6,11
Stanley crane,12,21
"Starfish, crown of thorns",17,15
"Starling, cape",15,21
"Starling, greater blue-eared",14,22
"Starling, red-shouldered glossy",20,13
"Starling, superb",18,24
Steenbok,20,12
Steenbuck,19,14
Steller sea lion,15,10
Steller's sea lion,15,12
Stick insect,15,27
"Stilt, black-winged",24,18
Stone sheep,20,18
"Stork, black-necked",20,14
"Stork, european",28,26
"Stork, greater adjutant",25,8
"Stork, jabiru",11,18
"Stork, marabou",12,15
"Stork, openbill",20,21
"Stork, painted",22,20
"Stork, saddle-billed",21,23
"Stork, white",21,11
"Stork, white-necked",13,16
"Stork, woolly-necked",15,22
"Stork, yellow-billed",13,19
Striated heron,22,17
Striped dolphin,10,16
Striped hyena,27,21
Striped skunk,18,24
Sugar glider,18,21
Sulfur-crested cockatoo,19,11
Sun gazer,13,21
"Sunbird, lesser double-collared",27,19
"Sungazer, yellow-brown",23,20
Superb starling,15,20
Suricate,12,26
Swainson's francolin,13,17
Swallow (unidentified),16,22
Swallow-tail gull,13,21
Swamp deer,20,19
"Swan, black",22,16
"Swan, trumpeter",12,13
Tailless tenrec,10,20
"Tamandua, southern",14,11
Tammar wallaby,20,18
"Tapir, brazilian",17,14
Tarantula,17,19
"Tarantula, salmon pink bird eater",19,16
Tasmanian devil,12,22
Tawny eagle,14,22
Tawny frogmouth,12,18
Tayra,16,18
"Teal, hottentot",12,21
"Tenrec, tailless",22,20
"Tern, arctic",15,14
"Tern, royal",23,16
"Tern, white-winged",14,26
"Tern, white-winged black",12,8
Thirteen-lined squirrel,20,20
Thomson's gazelle,18,19
"Thrasher, curve-billed",6,20
Three-banded plover,15,16
Tiger,18,18
Tiger cat,23,12
Tiger snake,20,21
Timber wolf,15,22
"Tinamou, elegant crested",14,19
Toddy cat,21,14
Tokay gecko,13,16
Topi,13,17
"Tortoise, asian foreset",16,21
"Tortoise, burmese black mountain",18,26
"Tortoise, burmese brown mountain",15,13
"Tortoise, desert",24,21
"Tortoise, galapagos",16,17
"Tortoise, indian star",21,9
"Tortoise, radiated",12,18
"Toucan, red-billed",20,18
"Toucan, white-throated",21,20
Tree porcupine,18,18
Tropical buckeye butterfly,16,23
"Trotter, lily",12,17
Trumpeter swan,10,6
"Trumpeter, dark-winged",17,17
"Trumpeter, green-winged",14,18
Tsessebe,9,27
"Turaco, violet-crested",17,19
Turkey vulture,16,11
"Turkey, australian brush",24,24
"Turkey, common",12,18
"Turkey, wild",27,12
Turtle (unidentified),15,16
"Turtle, eastern box",13,17
"Turtle, long-necked",17,15
"Turtle, snake-necked",18,12
Two-banded monitor,14,19
Two-toed sloth,14,15
Two-toed tree sloth,22,17
Tyrant flycatcher,17,17
Uinta ground squirrel,13,10
Urial,12,19
Verreaux's sifaka,14,10
Vervet monkey,17,14
Vicuna,15,22
Vine snake (unidentified),14,14
Violet-crested turaco,20,24
Violet-eared waxbill,18,19
"Viper, egyptian",15,27
"Vulture, bengal",19,19
"Vulture, black",20,14
"Vulture, egyptian",20,22
"Vulture, griffon",20,18
"Vulture, king",15,14
"Vulture, lappet-faced",17,18
"Vulture, oriental white-backed",17,16
"Vulture, turkey",16,10
"Vulture, white-headed",13,11
"Vulture, white-rumped",24,11
"Wagtail, african pied",16,14
"Wallaby, agile",10,13
"Wallaby, bennett's",22,21
"Wallaby, dama",19,13
"Wallaby, euro",15,22
"Wallaby, red-necked",19,8
"Wallaby, river",16,12
"Wallaby, tammar",19,18
"Wallaby, whip-tailed",24,12
"Wallaroo, common",14,15
"Wambenger, red-tailed",23,26
"Wapiti, elk,",17,15
Warthog,12,17
Water legaan,9,17
Water moccasin,22,13
Water monitor,9,19
"Waterbuck, common",21,17
"Waterbuck, defassa",14,10
Wattled crane,16,13
Waved albatross,16,10
"Waxbill, black-cheeked",12,17
"Waxbill, blue",14,18
"Waxbill, violet-eared",19,17
"Weaver, chestnut",21,20
"Weaver, lesser masked",15,22
"Weaver, red-billed buffalo",14,17
"Weaver, sociable",12,15
"Weaver, white-browed sparrow",16,18
Weeper capuchin,20,20
Western bearded dragon,18,15
Western grey kangaroo,19,11
Western lowland gorilla,19,17
Western palm tanager (unidentified),15,20
Western patch-nosed snake,10,16
Western pygmy possum,17,16
Western spotted skunk,13,14
"Whale, baleen",15,18
"Whale, killer",15,18
"Whale, long-finned pilot",30,15
"Whale, southern right",18,13
Whip-tailed wallaby,14,15
White rhinoceros,23,21
White spoonbill,20,16
White stork,19,15
White-bellied sea eagle,18,16
White-browed owl,16,20
White-browed sparrow weaver,9,24
White-cheeked pintail,21,12
"White-eye, cape",13,20
"White-eye, pale",20,18
White-faced tree rat,15,19
White-faced whistling duck,19,31
White-fronted bee-eater,20,15
White-fronted capuchin,21,20
White-headed vulture,15,12
White-lipped peccary,13,14
White-mantled colobus,19,17
White-necked raven,20,15
White-necked stork,17,11
White-nosed coatimundi,23,20
White-rumped vulture,17,23
White-tailed deer,18,18
White-tailed jackrabbit,18,16
White-throated kingfisher,11,12
White-throated monitor,27,25
White-throated robin,16,11
White-throated toucan,15,18
White-winged black tern,22,14
White-winged dove,17,23
White-winged tern,15,17
Wild boar,15,15
Wild turkey,12,11
Wild water buffalo,19,21
"Wildebeest, blue",20,11
Wolf spider,21,19
"Wolf, common",14,21
"Wolf, mexican",19,16
"Wolf, timber",18,17
"Wombat, common",19,12
"Wombat, southern hairy-nosed",18,22
Wood pigeon,14,14
Woodchuck,19,15
"Woodcock, american",14,12
"Woodpecker, downy",24,15
"Woodpecker, red-headed",13,11
Woodrat (unidentified),26,16
Woolly-necked stork,17,13
Worm snake (unidentified),21,19
Woylie,11,15
Yak,10,13
Yellow baboon,19,12
Yellow mongoose,19,13
Yellow-bellied marmot,17,12
Yellow-billed hornbill,14,17
Yellow-billed stork,20,19
Yellow-brown sungazer,19,16
Yellow-crowned night heron,12,27
Yellow-headed caracara,17,17
Yellow-necked spurfowl,14,20
Yellow-rumped siskin,22,21
Yellow-throated sandgrouse,16,14
"Zebra, common",14,24
"Zebra, plains",24,15
Zorilla,18,16
"Zorro, azara's",18,18
"Zorro, common",9,21
Grand Total,24947,25053
